-- phpMyAdmin SQL Dump
-- version 5.2.1
-- https://www.phpmyadmin.net/
--
-- 主機： 127.0.0.1
-- 產生時間： 2023 年 11 月 27 日 09:49
-- 伺服器版本： 10.4.28-MariaDB
-- PHP 版本： 8.2.4

SET SQL_MODE = "NO_AUTO_VALUE_ON_ZERO";
START TRANSACTION;
SET time_zone = "+00:00";


/*!40101 SET @OLD_CHARACTER_SET_CLIENT=@@CHARACTER_SET_CLIENT */;
/*!40101 SET @OLD_CHARACTER_SET_RESULTS=@@CHARACTER_SET_RESULTS */;
/*!40101 SET @OLD_COLLATION_CONNECTION=@@COLLATION_CONNECTION */;
/*!40101 SET NAMES utf8mb4 */;

--
-- 資料庫： `team3project`
--

-- --------------------------------------------------------

--
-- 資料表結構 `book`
--

CREATE TABLE `book` (
  `book_id` int(11) NOT NULL,
  `user_id` int(11) NOT NULL,
  `restaurant_id` int(11) NOT NULL,
  `available_date` date NOT NULL,
  `available_time` time NOT NULL,
  `customer_nums` int(11) NOT NULL,
  `book_create_time` datetime NOT NULL,
  `book_isValid` int(1) NOT NULL DEFAULT 1
) ENGINE=InnoDB DEFAULT CHARSET=utf8mb4 COLLATE=utf8mb4_unicode_ci;

--
-- 傾印資料表的資料 `book`
--

INSERT INTO `book` (`book_id`, `user_id`, `restaurant_id`, `available_date`, `available_time`, `customer_nums`, `book_create_time`, `book_isValid`) VALUES
(1, 37, 12, '2023-08-27', '11:00:00', 5, '2023-07-08 12:45:00', 1),
(2, 9, 2, '2023-08-05', '20:00:00', 2, '2023-07-12 19:28:00', 0),
(3, 21, 7, '2023-08-08', '18:00:00', 3, '2023-07-17 17:56:00', 1),
(4, 11, 13, '2023-08-03', '18:13:35', 5, '2023-07-20 05:38:35', 1),
(5, 13, 13, '2023-08-03', '18:13:35', 5, '2023-07-21 05:40:50', 1),
(6, 38, 17, '2023-08-05', '15:30:22', 2, '2023-07-25 08:06:09', 1),
(7, 10, 12, '2023-08-06', '12:20:45', 5, '2023-07-25 12:07:56', 1),
(8, 38, 7, '2023-08-07', '09:40:15', 1, '2023-07-25 13:45:32', 1),
(9, 7, 20, '2023-08-08', '17:55:33', 4, '2023-07-25 14:55:10', 1),
(10, 20, 11, '2023-08-09', '14:20:05', 3, '2023-07-25 16:30:28', 1),
(11, 37, 11, '2023-08-10', '09:15:00', 6, '2023-07-25 18:20:45', 1),
(12, 8, 8, '2023-08-11', '18:30:55', 2, '2023-07-25 20:05:07', 1),
(13, 18, 9, '2023-08-12', '11:10:01', 1, '2023-07-25 21:40:12', 0),
(14, 35, 9, '2023-08-13', '10:25:02', 5, '2023-07-25 22:59:59', 1),
(15, 39, 18, '2023-08-14', '21:12:18', 3, '2023-07-25 23:59:59', 1),
(16, 38, 17, '2023-08-05', '15:30:22', 7, '2023-07-26 08:06:09', 1),
(17, 10, 12, '2023-08-09', '12:20:45', 6, '2023-07-26 08:25:40', 1),
(18, 17, 12, '2023-08-01', '18:29:55', 2, '2023-07-26 09:00:15', 1),
(19, 17, 8, '2023-08-10', '09:45:30', 1, '2023-07-26 09:15:09', 1),
(20, 12, 20, '2023-08-03', '21:15:12', 7, '2023-07-26 09:30:45', 1),
(21, 6, 3, '2023-08-08', '14:50:18', 5, '2023-07-26 09:40:22', 1),
(22, 39, 15, '2023-08-20', '19:25:55', 3, '2023-07-26 10:05:20', 1),
(23, 38, 14, '2023-08-15', '08:10:09', 8, '2023-07-26 10:15:40', 1),
(24, 4, 18, '2023-08-06', '16:22:33', 2, '2023-07-26 10:35:08', 1),
(25, 36, 16, '2023-08-22', '11:11:58', 9, '2023-07-26 10:50:02', 0),
(26, 9, 3, '2023-08-12', '13:40:25', 10, '2023-07-26 11:09:33', 1),
(27, 6, 2, '2023-08-18', '22:55:07', 6, '2023-07-26 11:30:18', 1),
(28, 37, 16, '2023-08-07', '17:48:29', 5, '2023-07-26 12:07:56', 1),
(29, 36, 10, '2023-08-29', '06:30:05', 4, '2023-07-26 12:10:55', 1),
(30, 4, 8, '2023-08-14', '23:20:40', 9, '2023-07-26 12:35:44', 1),
(31, 10, 15, '2023-08-24', '04:12:36', 10, '2023-07-26 15:30:22', 1),
(32, 19, 16, '2023-08-04', '12:05:50', 3, '2023-07-26 16:22:33', 0),
(33, 16, 7, '2023-08-27', '09:58:14', 8, '2023-07-26 18:29:55', 1),
(34, 36, 9, '2023-08-17', '20:33:02', 7, '2023-07-26 19:25:55', 1),
(35, 12, 3, '2023-08-25', '15:18:48', 6, '2023-07-26 21:15:12', 1),
(36, 35, 16, '2023-08-18', '20:17:00', 4, '2023-07-28 16:14:24', 1),
(37, 14, 1, '2023-08-25', '13:21:00', 5, '2023-07-28 16:17:34', 1),
(38, 4, 8, '2023-08-08', '20:33:00', 3, '2023-07-28 17:25:31', 1),
(39, 14, 5, '2023-08-26', '12:29:00', 4, '2023-07-28 17:25:31', 0),
(40, 7, 5, '2023-08-10', '12:40:00', 5, '2023-07-28 17:30:44', 1),
(41, 5, 19, '2023-08-31', '00:40:00', 7, '2023-07-28 17:30:44', 1),
(42, 21, 12, '2023-08-11', '21:33:00', 3, '2023-07-28 17:30:44', 1),
(43, 12, 13, '2023-08-18', '17:52:00', 5, '2023-07-29 12:48:39', 0),
(44, 1, 14, '2023-08-12', '22:52:00', 3, '2023-07-29 12:48:39', 0),
(45, 7, 3, '2023-08-25', '21:12:00', 4, '2023-07-29 13:09:17', 1),
(46, 15, 6, '2023-08-19', '17:13:00', 2, '2023-07-29 13:09:17', 1),
(47, 39, 16, '2023-08-25', '18:00:00', 2, '2023-07-29 13:24:21', 1),
(48, 7, 13, '2023-08-22', '12:30:00', 8, '2023-07-29 13:51:07', 1),
(49, 19, 10, '2023-08-09', '21:00:00', 2, '2023-07-29 17:51:59', 0),
(50, 16, 9, '2023-08-11', '11:00:00', 2, '2023-07-29 19:21:45', 0),
(51, 12, 3, '2023-08-24', '11:50:00', 3, '2023-07-29 23:33:36', 0),
(52, 3, 20, '0000-00-00', '00:00:00', 0, '2023-07-30 00:12:15', 0),
(53, 3, 18, '2023-08-11', '10:11:00', 3, '2023-07-30 00:12:15', 0),
(54, 35, 1, '2023-08-01', '13:12:00', 2, '2023-07-30 00:12:15', 0),
(55, 12, 4, '2023-08-02', '23:20:00', 4, '2023-07-30 00:12:15', 0),
(56, 8, 19, '2023-08-08', '12:30:00', 4, '2023-07-30 00:23:30', 1),
(57, 13, 15, '2023-08-10', '22:50:00', 3, '2023-07-30 00:26:55', 0),
(58, 16, 19, '2023-08-04', '16:33:00', 2, '2023-07-30 00:30:13', 0),
(59, 9, 4, '2023-08-11', '14:30:00', 1, '2023-07-30 00:30:13', 0),
(60, 35, 8, '2023-08-04', '15:30:00', 2, '2023-07-30 00:30:13', 0),
(61, 22, 7, '2023-08-05', '21:10:00', 3, '2023-07-30 01:04:40', 0),
(62, 22, 7, '2023-08-05', '18:00:00', 3, '2023-07-30 01:08:27', 0),
(63, 8, 19, '2023-08-21', '11:30:00', 5, '2023-07-30 01:08:27', 0),
(64, 6, 2, '2023-08-30', '13:10:00', 2, '2023-07-30 01:08:27', 0),
(65, 9, 7, '2023-08-05', '18:00:00', 3, '2023-07-30 01:12:02', 0),
(66, 8, 19, '2023-08-21', '11:30:00', 5, '2023-07-30 01:12:02', 0),
(67, 6, 2, '2023-08-30', '12:00:00', 2, '2023-07-30 01:12:02', 0),
(68, 11, 11, '2023-08-03', '11:00:00', 2, '2023-07-31 05:42:43', 0),
(69, 1, 1, '2023-08-01', '11:00:00', 1, '2023-07-31 11:53:34', 0),
(70, 9, 7, '2023-08-05', '18:00:00', 3, '2023-07-31 11:53:40', 0),
(71, 3, 2, '2023-08-02', '02:30:00', 2, '2023-07-31 11:53:40', 0),
(72, 6, 2, '2023-08-30', '12:00:00', 2, '2023-07-31 11:53:40', 0),
(73, 22, 2, '2023-02-22', '14:00:00', 2, '2023-07-31 12:21:16', 0),
(74, 22, 7, '2023-08-05', '18:00:00', 3, '2023-07-31 12:21:23', 0),
(75, 3, 3, '2023-08-03', '15:30:00', 3, '2023-07-31 12:21:23', 0),
(76, 6, 2, '2023-08-30', '12:00:00', 2, '2023-07-31 12:21:23', 0),
(77, 1, 1, '2023-01-01', '13:00:00', 1, '2023-07-31 15:03:39', 0),
(78, 19, 7, '2023-08-05', '18:00:00', 3, '2023-08-01 18:06:21', 0),
(79, 8, 49, '2023-08-21', '11:30:00', 5, '2023-08-01 18:06:21', 0),
(81, 19, 7, '2023-08-05', '18:00:00', 3, '2023-08-01 18:06:43', 0),
(82, 8, 49, '2023-08-21', '11:30:00', 5, '2023-08-01 18:06:43', 0),
(84, 19, 7, '2023-08-05', '18:00:00', 3, '2023-08-01 18:09:44', 0),
(85, 8, 49, '2023-08-21', '11:30:00', 5, '2023-08-01 18:09:44', 0),
(86, 1, 2, '2023-08-30', '12:00:00', 2, '2023-08-01 18:09:44', 0);

-- --------------------------------------------------------

--
-- 資料表結構 `cart`
--

CREATE TABLE `cart` (
  `cart_id` int(11) NOT NULL,
  `user_id` int(11) NOT NULL
) ENGINE=InnoDB DEFAULT CHARSET=utf8mb4 COLLATE=utf8mb4_general_ci;

--
-- 傾印資料表的資料 `cart`
--

INSERT INTO `cart` (`cart_id`, `user_id`) VALUES
(21, 1),
(30, 2),
(55, 3),
(22, 4),
(32, 5),
(99, 6),
(3, 7),
(45, 7),
(31, 8),
(9, 12),
(10, 13);

-- --------------------------------------------------------

--
-- 資料表結構 `cartproduct_detail`
--

CREATE TABLE `cartproduct_detail` (
  `cartproduct_id` int(11) NOT NULL,
  `cart_id` int(11) NOT NULL,
  `product_id` int(11) NOT NULL,
  `quantity` int(11) NOT NULL,
  `modifyTime` datetime DEFAULT NULL
) ENGINE=InnoDB DEFAULT CHARSET=utf8mb4 COLLATE=utf8mb4_general_ci;

--
-- 傾印資料表的資料 `cartproduct_detail`
--

INSERT INTO `cartproduct_detail` (`cartproduct_id`, `cart_id`, `product_id`, `quantity`, `modifyTime`) VALUES
(64, 32, 5, 55, '2023-07-25 15:13:28'),
(82, 3, 23, 66, '2023-07-27 12:20:56');

-- --------------------------------------------------------

--
-- 資料表結構 `collection`
--

CREATE TABLE `collection` (
  `collection_id` int(11) NOT NULL,
  `user_id` int(11) NOT NULL,
  `product_id` int(11) NOT NULL
) ENGINE=InnoDB DEFAULT CHARSET=latin1 COLLATE=latin1_swedish_ci COMMENT='會員收藏多對多';

-- --------------------------------------------------------

--
-- 資料表結構 `discount_rate`
--

CREATE TABLE `discount_rate` (
  `discount_rate_id` int(11) NOT NULL,
  `discount_rate` float NOT NULL
) ENGINE=InnoDB DEFAULT CHARSET=latin1 COLLATE=latin1_swedish_ci;

--
-- 傾印資料表的資料 `discount_rate`
--

INSERT INTO `discount_rate` (`discount_rate_id`, `discount_rate`) VALUES
(1, 0.9),
(2, 0.85),
(5, 0);

-- --------------------------------------------------------

--
-- 資料表結構 `followers`
--

CREATE TABLE `followers` (
  `followers_ID` int(11) NOT NULL,
  `user_id_following` int(11) DEFAULT NULL,
  `user_id_followed` int(11) DEFAULT NULL
) ENGINE=InnoDB DEFAULT CHARSET=utf8mb4 COLLATE=utf8mb4_general_ci;

--
-- 傾印資料表的資料 `followers`
--

INSERT INTO `followers` (`followers_ID`, `user_id_following`, `user_id_followed`) VALUES
(1, 2, 1),
(2, 1, 2);

-- --------------------------------------------------------

--
-- 資料表結構 `food_tag`
--

CREATE TABLE `food_tag` (
  `food_tag_id` int(11) NOT NULL,
  `food_tag_name` varchar(50) CHARACTER SET utf8mb4 COLLATE utf8mb4_unicode_ci NOT NULL
) ENGINE=InnoDB DEFAULT CHARSET=utf8 COLLATE=utf8_unicode_ci;

--
-- 傾印資料表的資料 `food_tag`
--

INSERT INTO `food_tag` (`food_tag_id`, `food_tag_name`) VALUES
(1, '台式'),
(2, '中式'),
(3, '日式'),
(4, '韓式'),
(5, '港式'),
(6, '美式'),
(7, '義式'),
(8, '法式'),
(9, '西式'),
(10, '泰式'),
(11, '越式'),
(12, '火鍋'),
(13, '燒烤'),
(14, '牛排'),
(15, '熱炒'),
(16, '素食'),
(17, '飲品'),
(18, '酒吧'),
(19, '咖啡廳'),
(20, '炸物'),
(21, '吃到飽'),
(22, '小吃'),
(23, '甜點'),
(24, '早餐'),
(25, '早午餐'),
(26, '午餐'),
(27, '下午茶'),
(28, '晚餐');

-- --------------------------------------------------------

--
-- 資料表結構 `likes`
--

CREATE TABLE `likes` (
  `likes_ID` int(11) NOT NULL,
  `user_ID` int(11) NOT NULL,
  `post_ID` int(11) NOT NULL
) ENGINE=InnoDB DEFAULT CHARSET=utf8mb4 COLLATE=utf8mb4_general_ci;

--
-- 傾印資料表的資料 `likes`
--

INSERT INTO `likes` (`likes_ID`, `user_ID`, `post_ID`) VALUES
(1, 1, 1),
(13, 1, 2),
(2, 2, 1),
(14, 2, 2),
(18, 2, 4),
(3, 3, 1),
(19, 3, 4),
(4, 4, 1),
(20, 4, 4),
(5, 5, 1),
(21, 5, 5),
(6, 6, 1),
(7, 7, 1),
(22, 7, 5),
(8, 8, 1),
(9, 9, 1),
(10, 10, 1),
(11, 11, 1),
(23, 11, 5),
(27, 11, 9),
(12, 12, 1),
(15, 13, 2),
(26, 13, 8),
(16, 14, 3),
(17, 15, 3),
(32, 16, 13),
(31, 17, 12),
(30, 18, 11),
(24, 19, 6),
(29, 19, 11),
(25, 20, 7),
(28, 20, 10);

-- --------------------------------------------------------

--
-- 資料表結構 `oder_detail`
--

CREATE TABLE `oder_detail` (
  `orderproduct_id` int(11) NOT NULL,
  `order_id` int(14) NOT NULL,
  `product_id` int(11) NOT NULL,
  `num` int(11) NOT NULL,
  `cartproduct_id` int(11) DEFAULT NULL
) ENGINE=InnoDB DEFAULT CHARSET=utf8mb4 COLLATE=utf8mb4_general_ci;

--
-- 傾印資料表的資料 `oder_detail`
--

INSERT INTO `oder_detail` (`orderproduct_id`, `order_id`, `product_id`, `num`, `cartproduct_id`) VALUES
(2, 2023724007, 3, 7, NULL),
(7, 2023724003, 15, 50, NULL),
(10, 2023724006, 22, 9, NULL),
(24, 2023724010, 7, 45, NULL),
(29, 2023724011, 2, 3, NULL),
(30, 2023724012, 3, 3, NULL),
(31, 2023724011, 3, 4, NULL),
(32, 2023724005, 2, 5, NULL),
(33, 2023724006, 3, 6, NULL);

-- --------------------------------------------------------

--
-- 資料表結構 `order_general`
--

CREATE TABLE `order_general` (
  `order_id` int(14) NOT NULL,
  `payment_status` varchar(50) NOT NULL,
  `user_id` int(11) NOT NULL,
  `payment_method` varchar(50) NOT NULL,
  `delivery_method` varchar(50) NOT NULL,
  `delivery_address` varchar(100) NOT NULL,
  `delivery_status` varchar(50) NOT NULL,
  `order_date` datetime NOT NULL DEFAULT current_timestamp()
) ENGINE=InnoDB DEFAULT CHARSET=utf8mb4 COLLATE=utf8mb4_general_ci;

--
-- 傾印資料表的資料 `order_general`
--

INSERT INTO `order_general` (`order_id`, `payment_status`, `user_id`, `payment_method`, `delivery_method`, `delivery_address`, `delivery_status`, `order_date`) VALUES
(2023724002, '已完成', 7, 'Line Pay', '宅配', '', '備貨中', '2023-07-24 01:05:14'),
(2023724003, '未付款', 4, '貨到付款', '宅配', '', '備貨中', '2023-07-24 01:10:18'),
(2023724005, '未付款', 6, '貨到付款', '超商取貨', '', '備貨中', '2023-07-24 01:11:52'),
(2023724006, '未付款', 7, '貨到付款', '宅配', '', '備貨中', '2023-07-24 02:25:05'),
(2023724007, '已付款', 8, 'Line Pay', '超商取貨', '', '備貨中', '2023-07-24 02:37:30'),
(2023724009, '未付款', 9, '貨到付款', '宅配', '台北市松山區八德路三段', '備貨中', '2023-07-26 20:58:07'),
(2023724010, '未付款', 14, '貨到付款', '宅配', '', '備貨中', '2023-07-26 21:03:13'),
(2023724011, '未付款', 1, '貨到付款', '宅配', '臺中市407西屯區台灣大道', '備貨中', '2023-07-31 22:33:39'),
(2023724012, '未付款', 20, 'Line Pay', '宅配', '', '備貨中', '2023-07-31 14:22:34'),
(2023724017, '未付款', 10, '貨到付款', '宅配', 'ndfkgjkrngrtgr', '備貨中', '2023-07-31 14:10:01');

-- --------------------------------------------------------

--
-- 資料表結構 `post`
--

CREATE TABLE `post` (
  `post_ID` int(11) NOT NULL,
  `post_title` varchar(30) NOT NULL,
  `post_content` text NOT NULL,
  `img` varchar(20) DEFAULT NULL,
  `updating_restaurant_ID` int(11) DEFAULT NULL,
  `restaurant_name` varchar(20) NOT NULL,
  `price_range_ID` int(11) DEFAULT NULL,
  `create_time` timestamp NOT NULL DEFAULT current_timestamp() ON UPDATE current_timestamp(),
  `user_ID` int(11) DEFAULT NULL,
  `editing_date` datetime DEFAULT NULL COMMENT '	',
  `flag_ID` int(11) DEFAULT 1,
  `postisValid` int(1) NOT NULL DEFAULT 1
) ENGINE=InnoDB DEFAULT CHARSET=utf8 COLLATE=utf8_general_ci;

--
-- 傾印資料表的資料 `post`
--

INSERT INTO `post` (`post_ID`, `post_title`, `post_content`, `img`, `updating_restaurant_ID`, `restaurant_name`, `price_range_ID`, `create_time`, `user_ID`, `editing_date`, `flag_ID`, `postisValid`) VALUES
(1, 'CP值超高的fine dining', '午間套餐 \r\n前菜+麵食+甜點 NT$780+10%\r\n\r\n前菜\r\n➀天使紅蝦/雪菜 Prawn/Mustard Greens\r\n蝦味很重的一道菜，蝦子處理得用叉子即可輕鬆剝殼非常棒。\r\n➁鮪魚/義式麵包沙拉 Tuna/Panzanella\r\n炙燒的鮪魚，不吃生的人請跳過，被打成泥的麵包醬吃不出麵包感很特別。\r\n➂布拉塔/草莓莎莎 Burrata/Strawberry\r\n友人說難得這裡不是用慢慢弄的乳酪（笑），布拉塔配上草莓醬好吃。\r\n\r\n湯（需加價NT$150)\r\n➃羅馬蛋花湯 Stracciatella\r\n一個估狗了也不知道是啥味道的湯品，說是雞湯底加上大麥跟蛋花做出來的，我個人覺得可以不需要花這個錢。\r\n\r\n麵食\r\n➄義大利寬麵/托斯卡尼式肉醬 Tagliatelle/Tuscan Style Ragu\r\n牛肉與豬肉做成的肉醬頗好吃，還有牛肚塊非常特別。\r\n⑥青醬寬麵/季節鮮魚 Fazzoletti/Daily Fish\r\n鮮魚的份量很十足，不會有麵過多的感覺，然後這寬麵超級寬根本有十公分吧。\r\n➆麻花捲麵/烏魚子/青花筍 Casarecce/Bottarga/Broccolini\r\n（需加價NT$150)\r\n麵條很有嚼勁，微辣的調味吃起來很唰嘴。\r\n\r\n主菜 （需加價NT$600)\r\n➇伊比利豬/洋芋 Iberi Pork/Potato\r\n豬肉處理得恰到好處，軟嫩而不油膩。\r\n➈澳洲和羊/菊苣/開心果 Lamb Chop/Radicchio/Pistachio\r\n羊味有點重，怕羊的人請Pass，搭配有點苦的菊苣和開心果醬一起吃很合適，推薦給熱愛羊味的人。\r\n\r\n甜點\r\n➉防風草蛋糕 Parsnip Cake\r\n原來防風草不是草，是長得很像蘿蔔的根莖類，可能類似甜菜根，不知道是不是要壓掉菜味，我覺得蛋糕本人有點甜。\r\n\r\n其實還有另外一個甜點提拉米蘇，因為比較常見，礙於照片張數沒放上來，可是我覺得提拉米蘇比較好吃，不想嚐鮮的還是點這個比較好（笑）。\r\n\r\n', NULL, 1, 'CROM Taipei', 5, '2023-07-29 02:27:43', 22, '2023-07-26 10:09:47', 1, 1),
(2, '黑色情人節來吃韓式炸醬麵', '黑色情人節來吃炸醬麵，意外的好吃耶，連糖醋肉都愛。\r\n\r\n', NULL, 2, '韓華園', 3, '2023-07-31 09:03:27', 22, '2023-07-26 10:50:21', 1, 1),
(3, '好吃的高級日式料理', '打工帶我來吃大餐，餐不是我點的，帳單不是我結的，不知道點的是哪個套餐跟蒿罵起，八道菜適合食量不大的人。\r\n\r\n', NULL, 3, '三井Cusine M', 5, '2023-07-31 09:03:40', 22, '2023-07-26 10:50:21', 1, 1),
(4, '基隆特色美食', '從小吃到大的美味，吃到老林都換成小林了（笑），在店裡現吃的炒牛肉麵很好吃，但還是覺得大哥外帶回家給我吃沙茶咖哩牛肉麵最好吃，經過外帶短暫時間的冷卻，沙茶咖哩醬汁更吸附在麵條上，比現場吃還更入味的感覺，長大才知道原來這個汕頭牛肉麵算是基隆的特產，真開心我從小就認識這門美味。\r\n\r\n\r\n\r\n', NULL, 4, '老林沙茶汕頭牛肉店', 1, '2023-07-31 09:03:49', 22, '2023-07-26 11:03:16', 1, 1),
(5, '古巴三明治', '輸給古巴太桑心，來嗑個古巴三明治洩憤，感覺還是不是傳說中非常道地的古巴三明治，但當作好吃的熱壓三明治是很可以的，麵包外酥內軟，有奶油的香氣很難不好吃，牛肉跟起司的調味也很適中，薯條就是中規中矩，紅茶有點古早味自己調好甜度的那種我比較驚訝，可以給無糖紅茶的選項我會更喜歡。\r\n\r\n', NULL, 5, '福嗑Luckyeat', 2, '2023-07-31 09:03:59', 22, '2023-07-26 11:03:16', 1, 1),
(6, '好吃滷肉飯', '身為海外遊子，其實我每次回台灣最想吃的都是小吃啊，無奈小吃美食都不是適合久坐聊天的地方，因應我想吃滷肉飯的要求，朋友找到了一家有在賣滷肉飯的餐廳，一碗80元的滷肉飯滿足了我這個長年在外工作人的胃，油油亮亮的滷汁跟豬肉有滷肉飯膠質滿滿的黏牙感，唯一的缺點大概就是太貴了。\r\n', NULL, 6, 'My灶', 1, '2023-07-31 09:04:08', 22, '2023-07-26 11:03:16', 1, 1),
(7, '高雄必吃', '中秋連假下高雄來找大學同學散心，位在高雄鹽埕區的港園牛肉麵是這裡有名的老店，第一次吃到用拌的牛肉乾麵覺得很特別，微粗的麵條上和著醬油和豬油的滋味，很像小時候爸爸在家煮的豬油拌麵，配上幾塊滷得軟嫩入味的牛肉塊，好吃又懷舊，2021年再去高雄的時候還指定要再吃一次，其實我對豬腳麵也很有興趣，下次有機會想換點豬腳麵。\r\n\r\n\r\n', NULL, 7, '港園牛肉麵', 2, '2023-07-31 09:04:20', 22, '2023-07-26 11:03:16', 1, 1),
(8, '新鮮日料', '鮭魚肚很新鮮，厚厚的搭配醋飯一起吃超滿足，鮭魚卵很特別還用杯子裝，我倒是很直接就全倒在飯上了，不知道為什麼要另外用杯子裝，提供的嫩薑也很好吃不會辣，除了旁邊那個不知道是香菜還什麼東西的菜，全部都被我吃光光。\r\n\r\n', NULL, 8, 'THE・春', 3, '2023-07-31 09:04:33', 22, '2023-07-26 11:03:16', 1, 1),
(9, '基隆廟口滷肉飯', '久違的基隆廟口，天一香的滷肉飯是我從小吃到大的美味，從一碗15元吃到現在25元，很是凍漲啊，飯上面淋上滿滿的滷汁，一定要拌勻才吃，不油不膩每一口都很幸福，肉羹湯的肉羹也是扎實的肉不用粉漿魚目混珠，一個飯一個羹幾乎每次來的定番！\r\n', NULL, 9, '天一香肉羹順', 1, '2023-07-29 02:29:27', 22, '2023-07-26 11:03:16', 1, 1),
(10, '雞湯拉麵', '明明看著Global Mall的網頁寫著雞玉錦拉麵，走進去發現店名變成奧特拉麵，應該是雞湯拉麵可是還有分醬油、鹽味跟白湯，我點了很豐盛的濃熟高湯叉燒味玉拉麵，濃濃的白湯很好喝，不會過鹹，叉燒很大方給了三、四片還有一整顆溏心蛋(雖然照片上看起來只有半顆)，配菜如蔥絲等都可以自行選擇要或不要，湯也可以選濃淡，麵也可以選軟硬，很有日本拉麵的感覺。\r\n\r\n\r\n\r\n', NULL, 10, '奧特拉麵', 3, '2023-07-31 09:04:53', 22, '2023-07-26 11:03:16', 1, 1),
(11, '隱身在大安區的好吃牛肉麵', '昨天就查好今天要來吃牛肉麵，點了半筋半肉牛肉麵，肉超嫩很好吃，湯頭也不會死鹹，差點就要把整碗湯喝完，蔥給的很大方，不知道蔥價上揚的時候是否會變少，旁邊還有酸菜可以自己加，麵、肉、湯頭都很完美，只是一碗180沒辦法常吃。\r\n\r\n\r\n', NULL, 11, '光復牛肉麵', 2, '2023-07-31 09:05:05', 22, '2023-07-26 11:03:16', 1, 1),
(12, '鰻魚飯必吃', '好久不見的學長從澳洲回來約吃飯，吃什麼都好就是不要西餐，又要配合工作晚下班的另一位朋友，於是就推薦了幾家在朋友公司附近的餐廳，最後雀屏中選的魚心是不曉得何時在某篇文章推薦台北必吃的鰻魚飯專賣店之一，存在地圖上已經好久，剛好來踩點順便彌補我兩次撲空板前屋的遺憾。\r\n', NULL, 12, '魚心日本料理', 4, '2023-07-29 02:31:21', 22, '2023-07-26 11:03:16', 1, 1),
(13, '永康街的排隊美食', '其實就是個蔥抓餅，不知道為什麼需要大排長龍，好吃歸好吃，時間多再排就好。', NULL, 13, '天津蔥抓餅', 1, '2023-07-29 02:31:34', 22, '2023-07-26 11:03:16', 1, 1),
(14, '創意台菜', '不知何時台灣開始流行起黑糖珍珠奶茶，我心中最厲害的黑糖珍珠奶茶永遠是陳三鼎第一名，但永心鳳茶的也不錯喝，創意台菜很適合招待朋友。', NULL, 14, '永心鳳茶', 2, '2023-07-29 02:31:46', 22, '2023-07-26 11:03:16', 1, 1),
(15, '素食也可以很好吃', '完全不覺得是在吃素的義大利料理，超級好吃的', NULL, 15, 'MIACUCINA', 4, '2023-07-29 02:32:51', 22, '2023-07-26 11:03:16', 1, 1),
(16, '政大人的共同記憶', '姊吃的不是早餐，是回憶，起司蛋餅加上冰豆紅永遠都不會錯。', NULL, 16, '古早味蛋餅飯糰', 1, '2023-07-29 02:33:08', 22, '2023-07-26 11:03:16', 1, 1),
(17, '政大美食', '私房麵不吃麵，來吃海南雞飯', NULL, 17, '私房麵', 2, '2023-07-29 02:33:19', 22, '2023-07-26 11:03:16', 1, 1),
(18, '道道都美味', '有點偏泰北的料理，綠咖哩、椒麻雞、松阪豬都超好吃。', NULL, 18, '泰集 Thai Bazaar', 4, '2023-07-29 02:33:40', 22, '2023-07-26 11:03:16', 1, 1),
(19, '來自香港的葡式蛋塔', '想吃蛋塔不知道去哪的話可以來這裡吃', NULL, 19, '檀島香港茶餐廳', 2, '2023-07-29 02:34:06', 22, '2023-07-26 14:31:49', 1, 1),
(20, '好吃的脆皮蛋餅', '蛋餅加起司都超讚，豬扒蛋餅的肉肉超極厚實，餅皮脆，裡面起司生菜都超飽滿。', NULL, 20, '味鼎', 2, '2023-07-29 02:34:19', 22, '2023-07-26 14:48:10', 1, 1),
(21, '朋友說這是台北最好吃的滷肉飯', '滷肉飯很好吃，腿庫常常賣完，但店員可以不要那麼兇嗎', NULL, 21, ' 富霸王豬腳', 2, '2023-07-29 02:34:32', 22, '2023-07-26 15:33:07', 1, 1),
(22, '基隆特色蔥油餅', '從小吃到大的美味，只有基隆才有的特色蔥油餅。', './img/1690638389.JPG', 22, '22', 1, '2023-07-29 13:46:29', 22, '2023-07-29 21:46:29', 1, 1),
(23, '美味的奇蹟', '來自日本的舒芙蕾鬆餅又柔又軟真的超好吃的', NULL, 23, 'Flippers', 3, '2023-07-29 02:35:05', 22, '2023-07-27 20:39:44', 1, 1),
(49, '第一次吃客家菜館', '國外的友人回來指定想吃客家菜，意外發現一家好吃的客家菜館', NULL, 32, '晉江茶堂', 3, '2023-07-29 02:35:20', 22, '2023-07-27 21:19:17', 1, 1),
(50, '不限時咖啡廳', '南洋咖哩飯很好吃但有點辣！！！', './img/1690638286.JPG', 33, '33', 2, '2023-07-29 13:44:46', 22, '2023-07-29 21:44:46', 1, 1),
(72, '基隆特色蔥油餅', '好吃', './img/1690694534.jpg', 22, '', NULL, '2023-07-30 05:26:53', 22, NULL, 1, 0),
(73, '基隆特色蔥油餅', '好好吃一', './img/1690695354.JPG', 22, '', NULL, '2023-07-30 05:37:03', 22, NULL, 1, 0);

-- --------------------------------------------------------

--
-- 資料表結構 `postcomment`
--

CREATE TABLE `postcomment` (
  `postcomment_ID` int(11) NOT NULL,
  `content` text NOT NULL,
  `create_time` timestamp NOT NULL DEFAULT current_timestamp() ON UPDATE current_timestamp(),
  `flag_ID` int(11) NOT NULL,
  `user_ID` int(11) NOT NULL,
  `post_ID` int(11) NOT NULL
) ENGINE=InnoDB DEFAULT CHARSET=utf8mb4 COLLATE=utf8mb4_general_ci;

-- --------------------------------------------------------

--
-- 資料表結構 `postflag`
--

CREATE TABLE `postflag` (
  `flag_ID` int(11) NOT NULL,
  `post_status` varchar(50) CHARACTER SET utf8 COLLATE utf8_unicode_ci NOT NULL
) ENGINE=InnoDB DEFAULT CHARSET=utf8mb4 COLLATE=utf8mb4_general_ci;

--
-- 傾印資料表的資料 `postflag`
--

INSERT INTO `postflag` (`flag_ID`, `post_status`) VALUES
(1, '已發佈'),
(2, '編輯中'),
(3, '已刪除');

-- --------------------------------------------------------

--
-- 資料表結構 `postimage`
--

CREATE TABLE `postimage` (
  `postimage_ID` int(11) NOT NULL,
  `postID` int(11) NOT NULL,
  `postimage_name` varchar(30) DEFAULT NULL,
  `post_image_isValid` int(1) NOT NULL DEFAULT 1
) ENGINE=InnoDB DEFAULT CHARSET=utf8mb4 COLLATE=utf8mb4_general_ci;

--
-- 傾印資料表的資料 `postimage`
--

INSERT INTO `postimage` (`postimage_ID`, `postID`, `postimage_name`, `post_image_isValid`) VALUES
(11, 22, './img/1690686214.JPG', 1),
(12, 72, './img/1690694579.JPG', 1),
(13, 72, './img/1690694760.JPG', 1),
(14, 73, './img/1690695384.JPG', 1);

-- --------------------------------------------------------

--
-- 資料表結構 `post_food_tag`
--

CREATE TABLE `post_food_tag` (
  `post_food_tag_ID` int(11) NOT NULL,
  `post_ID` int(11) NOT NULL,
  `food_tag_id` int(11) DEFAULT NULL
) ENGINE=InnoDB DEFAULT CHARSET=utf8mb4 COLLATE=utf8mb4_general_ci;

-- --------------------------------------------------------

--
-- 資料表結構 `price_range`
--

CREATE TABLE `price_range` (
  `price_range_ID` int(11) NOT NULL,
  `price` varchar(50) NOT NULL
) ENGINE=InnoDB DEFAULT CHARSET=utf8mb4 COLLATE=utf8mb4_general_ci;

--
-- 傾印資料表的資料 `price_range`
--

INSERT INTO `price_range` (`price_range_ID`, `price`) VALUES
(1, 'NT$0-99'),
(2, 'NT$100-299'),
(3, 'NT$300-599'),
(4, 'NT$600-999'),
(5, 'NT$1,000-2,999'),
(6, 'NT$3,000~');

-- --------------------------------------------------------

--
-- 資料表結構 `product`
--

CREATE TABLE `product` (
  `product_id` int(11) NOT NULL,
  `product_name` varchar(300) CHARACTER SET big5 COLLATE big5_chinese_ci NOT NULL,
  `price` int(11) NOT NULL,
  `product_description` varchar(10000) CHARACTER SET big5 COLLATE big5_chinese_ci NOT NULL,
  `specification` varchar(10000) CHARACTER SET big5 COLLATE big5_chinese_ci NOT NULL,
  `product_type_id` int(11) NOT NULL,
  `product_type_list_id` int(11) NOT NULL,
  `discount_rate_id` int(1) DEFAULT NULL,
  `isValid` int(1) NOT NULL DEFAULT 1
) ENGINE=InnoDB DEFAULT CHARSET=latin1 COLLATE=latin1_swedish_ci;

--
-- 傾印資料表的資料 `product`
--

INSERT INTO `product` (`product_id`, `product_name`, `price`, `product_description`, `specification`, `product_type_id`, `product_type_list_id`, `discount_rate_id`, `isValid`) VALUES
(1, '純檸檬磚', 320, '不用冷凍檸檬汁，常溫方便，加水即飲\r\n經過3道獨家滅菌技術製程，不用冷凍，常溫保存\r\n無濃縮還原、不加酸、不加水\r\n連皮帶籽取汁，完整檸檬原汁原味的天然酸味\r\n撕開包裝缺口即可快速沖泡，非常方便攜帶\r\n100% 台灣優利卡檸檬原汁\r\n100%台灣-不混充他國劣質檸檬\r\n100%認證-產銷履歷檸檬製成\r\n\r\n\r\n食用方法:\r\n[方法1]：撕開封口，直接倒入杯中，加入600~1000cc開水、氣泡水、飲料即可直接引用\r\n[方法2]：溫開水稀釋20倍使用(依個人喜好做調整)，並加入一小搓鹽，感冒前兆儘早飲用?\r\n[方法3]：可用於烘培、烹飪，泰式料理、檸檬魚、蝦最對味\r\n商品資訊', '內容：每顆25g，每盒12顆\r\n成分：檸檬原汁\r\n保存期限：常溫一年\r\n產地：台灣', 1, 3, 5, 1),
(2, '荔枝水果風味 | 衣索比亞 荔枝百合 G1 水洗 - 咖啡濾掛10入', 375, '| 咖啡豆介紹\r\n處理法：水洗處理\r\n風味： 野薑花、茉莉花、百香果、荔枝\r\n烘 焙：淺中焙\r\n\r\n\r\n| 咖啡風味實測\r\n 磨粉：可以聞到野薑花般的香氣\r\n\r\n 注水：加入水後香氣更濃郁般的甜味\r\n\r\n 高溫：先感受到萊荔枝的甜味\r\n\r\n 中溫：溫度略低可以感受到感受白糖甜感，以及若隱若現茉莉花香。\r\n\r\n 低溫：帶有熱帶水果&百香果風味，喝起來非常有魅力的一支咖啡。', '賞味期限：製造日期後 180 天\r\n保存方法：常溫\r\n內容物：100%阿拉比卡咖啡豆\r\n內容量：咖啡濾掛10入 (每包淨重11g)\r\n產地：台灣', 5, 19, 5, 1),
(3, ' 芋頭鹹蛋黃巴斯克 6吋', 1280, '最濃郁！!\r\n可以吃到芋頭塊的芋頭蛋糕 !\r\n人氣巴斯克蛋糕迷人焦香，除了香濃芋泥 加入大量『鹹蛋黃』甜鹹甜鹹古早滋味，在蛋糕表面以及蛋糕體中用了大量的蒸煮芋頭及鹹蛋黃，每一口都扎扎實實不馬虎。', '賞味期限 : 製造日期後 14 天 \r\n保存方法 : 冷凍\r\n1000g x 1', 2, 6, 1, 1),
(4, '紐澳良烤雞香料', 140, '紐奧良烤雞香料又名肯瓊香料，是美國南方的傳統風味，融合了西非、法國與西班牙移民的飲食文化。香料共和國使用獨特墨西哥香料配方作為基底，加入濃郁歐洲香草，成就一場視覺、味覺與嗅覺的感官盛宴。', '賞味期限:製造日期後 730 天\r\n保存方法:常溫、避免高溫、乾燥、避免陽光直射\r\n內容量:15g x 4', 4, 15, 5, 1),
(5, '拾玖茶屋 X 盧琴樹糖心酥 - 冬瓜檸檬', 790, '拾玖茶屋X盧琴樹糖心酥 最夯聯名 \r\n風靡手搖界の黃金比例 『冬瓜檸檬糖心酥』 酸溜酸溜~ 巨好吃 \r\n清檸酸爽微甜 冬瓜酥餅卡哩涮嘴 \r\n公道伯Toyz認證賀呷！', '賞味期限 : 製造日期後 30 天\r\n保存方法 : 常溫\r\n內容量 : 200g x 1', 3, 10, 5, 1),
(6, '【老張鮮物】炙燒骰子一口烏魚子', 790, '骰子烏魚子\r\n重磅野生一口烏魚子\r\n特殊手法製作.外酥內軟.\r\n新鮮不死鹹\r\n\r\n炙燒烏魚子,濃郁黏牙,香Q彈牙\r\nSGS國際檢驗無虞 投保南山千萬產品責任險\r\n\r\n老張真心話：保證特選過有別於一般市售的一口烏魚子，採用較高級別去5兩以上製作，較大的烏魚子品質口感會優於很多\r\n\r\n厚切看的見 不是用嘴巴講的,\r\n從研製/日曬法/切片/烤法/特殊滅菌真空包裝/樣樣講究\r\n\r\n口感不死鹹，口味剛剛好，厚切大塊食用口感佳，就是要讓大家吃到新鮮又好吃的烏魚子！', '賞味期限 : 製造日期後 365 天\r\n保存方法 :冷藏、冷凍\r\n內容量 : 100g／包', 5, 19, 5, 1),
(7, 'OJUICE芭樂檸檬冷壓綜合果蔬汁 (6入)', 390, 'OJUICE芭樂檸檬綜合純果汁\r\n以雲嘉南芭樂、屏東檸檬冷壓鮮榨\r\n每一口都喝得到濃郁芭樂顆粒口感\r\n\r\n芭樂清甜與綠檸檬微酸相佐　\r\n濃郁清爽絕不膩口!\r\n賣場熱銷好評不斷', '賞味期限 : 製造日期後 16 天\r\n保存方法 : 冷藏\r\n內容量 : 300ml x 6', 1, 3, 5, 1),
(15, '九蒸九曬蔘茸雞 | 藥膳料理 調理包 素食', 580, '對五行保養調配之古傳秘方，所有食材手工炮製，添加黨蔘、鹿茸等元氣藥材，無添加手工香料、防腐劑與色素，湯頭淡雅清香，營養補充之佳品。', '賞味期限 : 製造日期後 365 天\r\n保存方法 : 冷藏、冷凍\r\n內容量  : 100g x 6\r\n成分表：九蒸九曬熟地、當歸、安心枸杞、川芎、甘草、黑杜仲、安心貴妃棗、黨蔘 、蔘茸、肉蓯蓉、四製陳皮、清花桂、益母草、麥門冬、茯苓、黃耆、小茴、白?\r\n原物料產地：中國\r\n製程：台灣', 3, 11, 5, 1),
(16, 'CoCa MaMa 經典松露(含餡)巧克力系列 - 8入禮盒', 580, '松露(含餡)巧克力系列\r\n「松露(含餡)巧克力」的命名，是因為灑上可可粉時，外型酷似黑松露而得其名，但其實松露(含餡)巧克力並不含有任何的松露。後來，只要是不規則圓形的巧克力，皆被稱為「松露(含餡)巧克力」Chocolate Truffle。\r\n它以調溫巧克力包覆著內餡的形式呈現，本店使用咖啡、茶、不同風味的酒來呈現，一直深受大家喜愛。\r\n\r\n此系列的口味也以「大人」為主要的設計方向\r\n\r\n｜松露(含餡)巧克力系列　Truffle Chcocolate｜\r\n漫步愛爾蘭Baileys Irish Cream 苦甜牛奶甘那許、貝禮詩香甜酒\r\n黃金醇酒Scotch Whiskey 蘇格蘭威士忌酒心\r\n杏仁榛心 Hazelnut Paste 苦甜牛奶甘那許、炒糖杏仁角、研磨榛果醬、榛果粒\r\n經典原味 Classic Truffle 70%苦甜巧克力甘那許\r\n橙香甜酒 Cointreau Liqueur 苦甜巧克力甘那許、橙皮絲、君度橙酒\r\n天使干邑 Camus Brandy 70%苦甜巧克力甘那許、干邑白蘭地\r\n極品金萱 Jin Xuan Tea 苦甜巧克力甘那許、南投金萱茶\r\n香醇拿鐵 Latte Coffee 苦甜巧克力甘那許、咖啡', '賞味期限 : 製造日期後 7 天\r\n保存方法 : 冷藏、避免高溫、避免陽光直射\r\n內容量 : 8g x 8\r\n產地 : 台灣', 3, 11, 2, 1),
(22, 'BBQ嫩雞披薩(手工薄脆) 140g+/-6%', 299, '獨家手工技術製成道地美式披薩\r\n獨特手桿麵糰烘烤成薄脆的餅皮，再撒上法國進口100%天然牛乳製成香濃起司，搭配簡單的配料，成就經典道地美式風味。\r\n\r\n煙燻風味，濃厚迷人\r\n使用美式Barbecue醬加上洋蔥當作基底，加入特製醃醬烤雞，以及多種義式香草，最後撒上起司，鹹甜涮嘴！\r\n\r\n簡單加熱、快速享用\r\n烤箱：以240℃預熱，烘烤約8-10分鐘\r\n氣炸鍋：以180℃預熱，烘烤約5-6分鐘\r\n＊視各家電性能不同，時間及溫度會有所不同', '賞味期限 : 製造日期後 365 天\r\n保存方法 : 冷凍\r\n內容量 : 140g x 1', 3, 10, 5, 1),
(23, 'migoo 遇唰嘴-遇 脆脆 豬肉捲(原味)', 299, '我們把豬肉脆紙捲起來啦~~有別於一般豬肉脆紙造型，採用台灣豬黃金後腿肉，薄切成片再捲起來，獨特捲捲造型，融合營養豐富的杏仁片，吃起來更加香！酥！脆！\r\n招牌秘方，香氣爆棚，口感酥脆，一口咬下去就能聽到喀滋的聲音，香酥到讓人吃完整包才能罷休，欲罷不能的涮嘴，每口都是幸福滋味！是您聚會、休閒、旅行、加班的好伴侶。三種口味任選，滿足您每種心情的選擇！\r\n - 遇-脆脆·豬肉捲(原味)→經典鹹甜口感，香氣直衝鼻腔，萬年不敗好滋味！\r\n - 遇-脆脆·豬肉捲(海苔)→濃濃海味+香脆肉捲，老少咸宜，讓人一吃就愛上！\r\n - 遇-脆脆·豬肉捲(椒香)→多層次椒香口感，香氣爆棚！讓你越吃越開胃！', '賞味期限 : 製造日期後 180 天\r\n保存方法 : 常溫、避免高溫、乾燥、避免陽光直射\r\n商品產地 : 台灣', 3, 10, 5, 1);

-- --------------------------------------------------------

--
-- 資料表結構 `product_img`
--

CREATE TABLE `product_img` (
  `product_img_id` int(11) NOT NULL,
  `product_id` int(11) NOT NULL,
  `product_img` varchar(300) CHARACTER SET big5 COLLATE big5_chinese_ci DEFAULT NULL,
  `showed_1st` int(1) NOT NULL DEFAULT 0
) ENGINE=InnoDB DEFAULT CHARSET=latin1 COLLATE=latin1_swedish_ci;

--
-- 傾印資料表的資料 `product_img`
--

INSERT INTO `product_img` (`product_img_id`, `product_id`, `product_img`, `showed_1st`) VALUES
(117, 3, '1690459286.png', 0),
(137, 3, '1690619090.jpg', 0),
(138, 3, '1690619091.png', 0),
(139, 16, '1690619364.jpg', 0),
(140, 16, '1690619365.jpg', 0),
(142, 7, '1690639131.jpg', 0),
(145, 1, '1690680207.jpg', 0),
(146, 2, '1690680384.jpg', 0),
(147, 2, '1690680385.jpg', 0),
(148, 4, '1690680424.jpg', 0),
(149, 5, '1690680443.jpg', 0),
(150, 6, '1690680459.jpg', 0),
(151, 6, '1690680466.jpg', 0),
(152, 7, '1690680485.jpg', 0),
(153, 15, '1690680582.jpg', 0),
(154, 15, '1690680583.jpg', 0),
(155, 22, '1690680605.jpg', 0),
(156, 23, '1690680653.jpg', 0),
(157, 23, '1690680654.jpg', 0);

-- --------------------------------------------------------

--
-- 資料表結構 `product_item`
--

CREATE TABLE `product_item` (
  `item_id` int(11) NOT NULL,
  `item_name` varchar(300) CHARACTER SET big5 COLLATE big5_chinese_ci NOT NULL,
  `price_range` int(1) NOT NULL
) ENGINE=InnoDB DEFAULT CHARSET=latin1 COLLATE=latin1_swedish_ci COMMENT='商品篩選(tags)';

--
-- 傾印資料表的資料 `product_item`
--

INSERT INTO `product_item` (`item_id`, `item_name`, `price_range`) VALUES
(1, '低於300', 1),
(2, '300-500', 1),
(3, '500-1000', 1),
(4, '1000-1500', 1),
(5, '1500以上', 1),
(6, '鹹食', 0),
(7, '甜食', 0),
(8, '蛋奶素', 0),
(9, '無麩質', 0);

-- --------------------------------------------------------

--
-- 資料表結構 `product_item_detail`
--

CREATE TABLE `product_item_detail` (
  `product_item_id` int(11) NOT NULL,
  `product_id` int(11) NOT NULL,
  `item_id` int(11) NOT NULL
) ENGINE=InnoDB DEFAULT CHARSET=latin1 COLLATE=latin1_swedish_ci;

-- --------------------------------------------------------

--
-- 資料表結構 `product_type`
--

CREATE TABLE `product_type` (
  `product_type_id` int(11) NOT NULL,
  `product_type_name` varchar(300) CHARACTER SET big5 COLLATE big5_chinese_ci NOT NULL,
  `isValid` int(11) NOT NULL DEFAULT 1
) ENGINE=InnoDB DEFAULT CHARSET=latin1 COLLATE=latin1_swedish_ci COMMENT='商品大種類';

--
-- 傾印資料表的資料 `product_type`
--

INSERT INTO `product_type` (`product_type_id`, `product_type_name`, `isValid`) VALUES
(1, '飲品/沖泡類', 1),
(2, '烘焙食品/甜點', 1),
(3, '休閒零食', 1),
(4, '烹料料理', 1),
(5, '其他', 1),
(6, 'NO', 0);

-- --------------------------------------------------------

--
-- 資料表結構 `product_type_list`
--

CREATE TABLE `product_type_list` (
  `product_type_list_id` int(11) NOT NULL,
  `product_type_id` int(11) NOT NULL,
  `product_type_list_name` varchar(300) CHARACTER SET big5 COLLATE big5_chinese_ci NOT NULL,
  `isValid` int(1) NOT NULL DEFAULT 1
) ENGINE=InnoDB DEFAULT CHARSET=latin1 COLLATE=latin1_swedish_ci COMMENT='商品小種類';

--
-- 傾印資料表的資料 `product_type_list`
--

INSERT INTO `product_type_list` (`product_type_list_id`, `product_type_id`, `product_type_list_name`, `isValid`) VALUES
(1, 1, '茶類', 1),
(2, 1, '咖啡/咖啡豆', 1),
(3, 1, '果汁', 1),
(4, 1, '醋/水果醋', 1),
(5, 1, '酒類', 1),
(6, 2, '蛋糕/派', 1),
(7, 2, '手工餅乾', 1),
(8, 2, '麵包/吐司', 1),
(9, 2, '奶酪/布丁/果凍', 1),
(10, 3, '零食', 1),
(11, 3, '糖果/巧克力', 1),
(12, 3, '果醬/抹醬', 1),
(13, 3, '水果乾', 1),
(14, 3, '堅果/穀物', 1),
(15, 4, '熟食/冷藏、冷凍食品', 1),
(16, 4, '米/麵條', 1),
(17, 4, '調理包/料理包', 1),
(18, 4, '調味料/醬料', 1),
(19, 5, '其他', 1),
(20, 6, 'NONO', 0);

-- --------------------------------------------------------

--
-- 資料表結構 `restaurant_dishes`
--

CREATE TABLE `restaurant_dishes` (
  `dishes_id` int(11) NOT NULL,
  `restaurant_id` int(11) NOT NULL,
  `dishes_name` varchar(30) NOT NULL,
  `price` int(11) NOT NULL,
  `description` varchar(200) NOT NULL,
  `img_file` varchar(100) NOT NULL
) ENGINE=InnoDB DEFAULT CHARSET=utf8mb4 COLLATE=utf8mb4_general_ci;

--
-- 傾印資料表的資料 `restaurant_dishes`
--

INSERT INTO `restaurant_dishes` (`dishes_id`, `restaurant_id`, `dishes_name`, `price`, `description`, `img_file`) VALUES
(1, 1, '牛肉麵', 150, '經典的台灣牛肉麵，濃郁的湯頭，嫩滑的牛肉，讓你回味無窮！🍜🐮', 'uploads/64c8d7133f7434.70681422.jpg'),
(2, 1, '招牌炸雞', 130, '香脆多汁的招牌炸雞，外酥內嫩，吃了停不下來！🍗🍗🍗', 'uploads/64c8d71a8d6a38.91207100.jpg'),
(3, 1, '宮保雞丁', 120, '酸辣鹹甜，嫩滑的雞丁，搭配花生和辣椒，美味刺激！🐔🌶️', 'uploads/64c8d7226c0651.60645118.jpg'),
(4, 1, '三杯雞', 140, '三杯雞是台灣傳統名菜，搭配香米飯，開胃又下飯！🍚🍗', 'uploads/64c8d72d3cbc70.36607846.jpg'),
(5, 1, '蔥油餅', 50, '酥脆的蔥油餅，外酥內軟，美味又簡單！🍞🧅', 'uploads/64c8d735bea8d5.79703107.jpg'),
(6, 1, '台式滷肉飯', 100, '滷肉的香氣，配上滑嫩的肉片，濃郁又美味！🍚🍖', ''),
(7, 1, '豬排飯', 130, '厚實多汁的豬排，搭配醬汁和白飯，饑餓時的最愛！🍚🍖', ''),
(8, 1, '番茄牛肉麵', 160, '番茄湯頭搭配嫩滑的牛肉，酸甜可口，吃了讓人心情大好！🍅🍜🐮', ''),
(9, 1, '清炒蔬菜', 90, '清爽的蔬菜，保留原汁原味，健康又美味！🥗🥦', ''),
(10, 1, '古早味花生糖', 40, '香醇的花生香氣，咬一口，回味滿滿的童年記憶！🥜🍬', ''),
(11, 1, '蜜汁叉燒', 120, '外酥內嫩的蜜汁叉燒，入口即化，讓人欲罷不能！🍖🍯', ''),
(12, 1, '糖醋排骨', 130, '酸甜可口的糖醋排骨，肉質鮮嫩，讓你胃口大開！🍖🍋', ''),
(13, 1, '涼拌黃瓜', 60, '清爽爽口的涼拌黃瓜，解暑又開胃！🥒🌶️', ''),
(14, 1, '麻婆豆腐', 110, '麻辣鮮香的麻婆豆腐，辣愛不釋手！🌶️🥟', ''),
(15, 1, '青椒牛肉', 140, '青椒爽脆，牛肉嫩滑，酸甜辣的絕佳搭配！🥩🌶️', ''),
(16, 2, '招牌滷味拼盤', 160, '滷味大拼盤，多種滷味任選，滿足你的味蕾！🍛🥟', 'uploads/64c8d77045a966.41565110.jpg'),
(17, 3, '義式海鮮麵', 180, '濃郁的番茄醬汁，搭配新鮮海鮮，美味無敵！🍝🦞', ''),
(18, 2, '椒麻雞', 130, '香辣椒麻，口感酥脆，下酒佳品！🍗🌶️', 'uploads/64c8d775a397c3.87823984.jpg'),
(19, 3, '泰式椰奶咖哩', 150, '椰奶的香甜，咖哩的辣味，亞洲風味的美食！🍛🍛', ''),
(20, 2, '石鍋拌飯', 140, '鐵板燒飯，石鍋燒飯，鍋巴香脆，美味無比！🍚🍲', 'uploads/64c8d77e192377.34997960.jpg'),
(21, 3, '鮮蔬水餃', 100, '新鮮蔬菜包裹，清甜爽口，健康美味！🥟🥦', ''),
(22, 2, '蒜香牛肉', 160, '蒜香四溢，嫩滑多汁，讓你回味無窮！🍖🧄', 'uploads/64c8d786634535.94109063.jpg'),
(23, 3, '日式章魚燒', 90, 'Q彈的章魚燒，內含各種驚喜，好吃又可愛！🐙🍡', ''),
(24, 2, '冰火茶飯', 120, '涼爽的冰火茶飯，舒暢解暑，讓你吃得開心！🍛🍹', 'uploads/64c8d79873cc21.18219302.jpg'),
(25, 3, '蘑菇炒雞片', 110, '鮮嫩雞片，搭配香煎蘑菇，風味獨特！🍄🐔', ''),
(26, 2, '香煎鮭魚', 180, '金黃香脆的鮭魚，肉質鮮嫩，美味無比！🐟🍋', ''),
(27, 3, '韓式辣炒年糕', 140, '辣味十足的年糕，入口Q彈，讓你一口接一口！🍲🌶️', ''),
(28, 2, '五彩炒時蔬', 90, '五彩綠、紅、黃的時蔬，營養又美味！🥗🥕', ''),
(29, 3, '香烤雞翅', 130, '炭烤的香氣，多汁的雞翅，讓你愛不釋手！🍗🔥', ''),
(30, 2, '黑胡椒豬排', 140, '黑胡椒的香氣，搭配厚實的豬排，酥脆美味！🍖🌶️', ''),
(31, 1, '蔥爆牛肉', 130, '爆炒嫩滑的牛肉，搭配鮮蔥，香氣四溢！🐮🧅', ''),
(32, 1, '乾煸四季豆', 100, '炒熟的四季豆，咸香脆口，下飯好幫手！🥦🍚', ''),
(33, 1, '糖醋里脊', 120, '外酥內嫩的里脊肉，甜酸可口，好吃到舔盤子！🍖🍋', ''),
(34, 1, '蛋炒飯', 90, '香噴噴的蛋炒飯，搭配青菜和火腿，美味又營養！🍳🍚', ''),
(35, 1, '京都壽司', 180, '新鮮的壽司，各種美味生魚片，讓你感受日本風味！🍣🍣', ''),
(36, 1, '紅燒豆腐', 100, '紅燒醬汁搭配滑嫩豆腐，入口即化，讓你欲罷不能！🍲🥟', ''),
(37, 1, '脆皮燒肉', 140, '外皮香脆，肉質鮮嫩多汁，讓你愛不釋手！🍖🔥', ''),
(38, 1, '蒜蓉西蘭花', 90, '炒熟的西蘭花，搭配蒜蓉，清爽又美味！🥦🧄', ''),
(39, 1, '梅菜扣肉', 120, '酸甜梅菜搭配香煎的扣肉，肥瘦相間，美味絕頂！🍖🍅', ''),
(40, 1, '酸辣湯', 80, '酸酸辣辣的湯，營養豐富，暖心又下飯！🍲🌶️', ''),
(41, 1, '蝦仁炒蛋', 110, '鮮嫩的蝦仁，搭配蓬鬆的炒蛋，美味十足！🍳🍤', ''),
(42, 1, '脆皮炸豆腐', 90, '外酥內嫩的炸豆腐，醬汁滲入，好吃到停不下來！🍲🍚', ''),
(43, 1, '乾煎牛排', 160, '乾煎的牛排，外焦內嫩，肉汁四溢！🥩🔥', ''),
(44, 1, '檸檬雞', 130, '酸甜檸檬味，搭配多汁雞肉，開胃又下飯！🍗🍋', ''),
(45, 1, '香菇炒魚片', 120, '新鮮魚片搭配鮮香的香菇，美味又健康！🍄🐟', '');

-- --------------------------------------------------------

--
-- 資料表結構 `restaurant_tag`
--

CREATE TABLE `restaurant_tag` (
  `restaurant_tag_id` int(11) NOT NULL,
  `restaurant_id` int(11) NOT NULL,
  `food_tag_id` int(11) NOT NULL
) ENGINE=InnoDB DEFAULT CHARSET=utf8mb4 COLLATE=utf8mb4_unicode_ci;

-- --------------------------------------------------------

--
-- 資料表結構 `restaurant_user`
--

CREATE TABLE `restaurant_user` (
  `restaurant_id` int(11) NOT NULL,
  `restaurant_tag_id` int(11) DEFAULT NULL,
  `restaurant_name` varchar(100) NOT NULL,
  `restaurant_password_hash` varchar(255) NOT NULL,
  `restaurant_email` varchar(255) NOT NULL,
  `restaurant_phonenumber` varchar(20) NOT NULL,
  `restaurant_city` varchar(10) NOT NULL,
  `restaurant_district` varchar(10) NOT NULL,
  `restaurant_address` varchar(50) NOT NULL,
  `longitude` double NOT NULL,
  `latitude` double NOT NULL,
  `createTime` date NOT NULL DEFAULT current_timestamp(),
  `introduction` varchar(1000) NOT NULL,
  `img_file` varchar(100) NOT NULL
) ENGINE=InnoDB DEFAULT CHARSET=utf8mb4 COLLATE=utf8mb4_general_ci;

--
-- 傾印資料表的資料 `restaurant_user`
--

INSERT INTO `restaurant_user` (`restaurant_id`, `restaurant_tag_id`, `restaurant_name`, `restaurant_password_hash`, `restaurant_email`, `restaurant_phonenumber`, `restaurant_city`, `restaurant_district`, `restaurant_address`, `longitude`, `latitude`, `createTime`, `introduction`, `img_file`) VALUES
(1, 1, '美味小館', '$2y$10$N36WViLfFzbyPmePtCg42evbc.l.C0DUysQkDkxYMwLXsyBrotSt6', 'restaurant1@example.com', '912345678', '臺北市', '中山區', '忠孝東路 1 號', 25.0478, 121.5163, '2023-07-24', '歡迎來到美味小館，我們提供各種口味的美食，滿足您的味蕾！😋🍽️', 'uploads/64c8d743ca1423.66207252.jpg'),
(2, 2, '幸福餐廳', '$2y$10$5lSFku1Hk3GUpOfwY6n.iuojFkiOdrA2tR1jtK5FOTnoGGxau3o4S', 'restaurant2@example.com', '923456789', '新北市', '板橋區', '文化路 2 號', 24.9983, 121.4347, '2023-07-24', '幸福餐廳為您帶來幸福的味蕾體驗，歡迎品嘗我們的特色美食！😄🍴', 'uploads/64c8d763cb3e94.87286907.jpg'),
(3, 3, '香香餐坊', 'c987654', 'restaurant3@example.com', '0934567890', '台中市', '西屯區', '市政北二路 3 號', 24.1623, 120.6473, '2023-07-24', '香香餐坊為您獻上香氣撲鼻的美味佳餚，讓您盡情享受！👃🍲', ''),
(4, 4, '醉鄉小廚', 'd123abc', 'restaurant4@example.com', '0945678901', '高雄市', '苓雅區', '林泉街 4 號', 22.6189, 120.3047, '2023-07-24', '醉鄉小廚為您奉上醉人的美食，讓您品味家鄉的味道！🍻🥢', ''),
(5, 1, '陽光海岸', 'e456def', 'restaurant5@example.com', '0956789012', '基隆市', '仁愛區', '愛河路 5 號', 25.1313, 121.7415, '2023-07-24', '陽光海岸為您帶來海風的味道，歡迎來感受悠閒的時光！🌊🏖️', ''),
(6, 2, '芳香食府', 'f789ghi', 'restaurant6@example.com', '0967890123', '新竹市', '東區', '城隍街 6 號', 24.8051, 120.9716, '2023-07-24', '芳香食府為您烹飪香氣四溢的美味佳餚，讓您流連忘返！🍲👨‍🍳', ''),
(7, 7, '甜蜜小屋', 'gabc123', 'restaurant7@example.com', '0978901234', '桃園市', '中壢區', '中山路 7 號', 24.9936, 121.301, '2023-07-24', '甜蜜小屋為您準備了甜蜜的味道，讓您感受幸福的滋味！🍰🍨', ''),
(8, 3, '巧克力天堂', 'hdef456', 'restaurant8@example.com', '0989012345', '嘉義市', '東區', '北門路 8 號', 23.4801, 120.4467, '2023-07-24', '巧克力天堂，讓您暢享巧克力的美妙，讓味蕾舞動！🍫🍫🍫', ''),
(9, 5, '咖啡小院', 'ighi789', 'restaurant9@example.com', '0990123456', '苗栗縣', '苗栗市', '文化路 9 號', 24.5602, 120.8215, '2023-07-24', '咖啡小院為您奉上香濃的咖啡香氣，讓您享受愜意時光！☕🌳', ''),
(10, 6, '極地霜淇淋', 'j234abc', 'restaurant10@example.com', '0901234567', '花蓮縣', '花蓮市', '中山路 10 號', 23.9873, 121.6013, '2023-07-24', '極地霜淇淋，為您帶來冰涼的滋味，讓您暢快一夏！🍦🍦🍦', ''),
(11, 2, '蔬果小屋', 'k567def', 'restaurant11@example.com', '0912345678', '臺北市', '大安區', '仁愛路 11 號', 25.0336, 121.5432, '2023-07-24', '蔬果小屋，新鮮的蔬果帶給您健康美味！🥦🍓', ''),
(12, 3, '牛排大亨', 'l345ghi', 'restaurant12@example.com', '0923456789', '新北市', '永和區', '永和路 12 號', 25.0027, 121.5153, '2023-07-24', '牛排大亨，品味精緻的牛排，帶給您無比享受！🥩🍷', ''),
(13, 1, '海鮮美食城', 'm012abc', 'restaurant13@example.com', '0934567890', '台中市', '西區', '西屯路 13 號', 24.1623, 120.6357, '2023-07-24', '海鮮美食城，海鮮的饗宴，讓您愛不釋手！🦞🦀', ''),
(14, 4, '韓式料理坊', 'n789def', 'restaurant14@example.com', '0945678901', '高雄市', '三民區', '三多路 14 號', 22.6468, 120.3275, '2023-07-24', '韓式料理坊，帶您感受地道的韓國味！🍱🍜', ''),
(15, 5, '茶語小築', 'o234ghi', 'restaurant15@example.com', '0956789012', '新竹市', '北區', '中央路 15 號', 24.8104, 120.9876, '2023-07-24', '茶語小築，品味香醇的茶香，讓心靈寧靜！🍵🏯', ''),
(16, 3, '甜甜蛋糕坊', 'p567abc', 'restaurant16@example.com', '0967890123', '桃園市', '大園區', '大園路 16 號', 25.0682, 121.201, '2023-07-24', '甜甜蛋糕坊，帶來甜蜜的甜點時光！🎂🧁', ''),
(17, 6, '火鍋樂園', 'q901def', 'restaurant17@example.com', '0978901234', '嘉義市', '西區', '嘉大路 17 號', 23.4761, 120.4518, '2023-07-24', '火鍋樂園，火爆的火鍋，為您帶來暖暖的味道！🍲🔥', ''),
(18, 2, '素食坊', 'r234ghi', 'restaurant18@example.com', '0989012345', '苗栗縣', '苑裡鎮', '苑東路 18 號', 24.4218, 120.6487, '2023-07-24', '素食坊，純淨的素食，呵護身心健康！🥗🌿', ''),
(19, 1, '燒肉屋', 's567abc', 'restaurant19@example.com', '0990123456', '花蓮縣', '吉安鄉', '大同路 19 號', 23.9882, 121.6183, '2023-07-24', '燒肉屋，濃郁的肉香，饗宴味蕾！🥩🔥', ''),
(20, 7, '冰淇淋小站', 't901def', 'restaurant20@example.com', '0901234567', '宜蘭縣', '宜蘭市', '東港路 20 號', 24.7502, 121.7733, '2023-07-24', '冰淇淋小站，冰涼的甜點，解暑一夏！🍦🌞', '');

-- --------------------------------------------------------

--
-- 資料表結構 `sessions`
--

CREATE TABLE `sessions` (
  `session_id` varchar(128) CHARACTER SET utf8mb4 COLLATE utf8mb4_bin NOT NULL,
  `expires` int(11) UNSIGNED NOT NULL,
  `data` mediumtext CHARACTER SET utf8mb4 COLLATE utf8mb4_bin DEFAULT NULL
) ENGINE=InnoDB DEFAULT CHARSET=utf8mb4 COLLATE=utf8mb4_unicode_ci;

-- --------------------------------------------------------

--
-- 資料表結構 `updating_restaurant`
--

CREATE TABLE `updating_restaurant` (
  `updating_restaurant_ID` int(11) NOT NULL,
  `updating_restaurant_name` varchar(50) NOT NULL,
  `updating_restaurant_city` varchar(50) DEFAULT NULL,
  `updating_restaurant_district` varchar(50) DEFAULT NULL
) ENGINE=InnoDB DEFAULT CHARSET=utf8mb4 COLLATE=utf8mb4_general_ci;

--
-- 傾印資料表的資料 `updating_restaurant`
--

INSERT INTO `updating_restaurant` (`updating_restaurant_ID`, `updating_restaurant_name`, `updating_restaurant_city`, `updating_restaurant_district`) VALUES
(1, 'CROM Taipei', '台北市', '大安區'),
(2, '韓華園', '台北市', '松山區'),
(3, '三井Cusine M', '台北市', '信義區'),
(4, '老林沙茶汕頭牛肉店', '基隆市', '中山區'),
(5, '福嗑 Luckyeat', '台北市', '信義區'),
(6, 'My灶', '台北市', '中山區'),
(7, '港園牛肉麵', '高雄市', '鹽埕區'),
(8, 'THE・春', '台北市', '信義區'),
(9, '天一香肉羹順', '基隆市', '仁愛區'),
(10, '奧特拉麵', '台北市', '南港區'),
(11, '光復牛肉麵', '台北市', '大安區'),
(12, '魚心日本料理', '台北市', '中山區'),
(13, '天津蔥抓餅', '台北市', '大安區'),
(14, '永心鳳茶', '台北市', '信義區'),
(15, 'MIACUCINA', '台北市', '信義區'),
(16, '古早味蛋餅飯糰', '台北市', '文山區'),
(17, '私房麵', '台北市', '文山區'),
(18, '泰集 Thai Bazaar', '台北市', '信義區'),
(19, '檀島香港茶餐廳', '台北市', '中山區'),
(20, '味鼎', '台北市', '中山區'),
(21, '富霸王豬腳', '台北市', '中山區'),
(22, '周家豆漿店', '基隆市', '中正區'),
(23, 'Flippers', '台北市', '中山區'),
(24, '玖尹-新派中式餐酒館', '台北市', '中山區'),
(32, '晉江茶堂', '台北市', '中正區'),
(33, '杯盃咖啡廳', '台北市', '大安區'),
(38, '小米酒咖啡館', '台北市', '大安區'),
(40, 'XX熱炒', '台北市', '大安區');

-- --------------------------------------------------------

--
-- 資料表結構 `updating_restaurant_location`
--

CREATE TABLE `updating_restaurant_location` (
  `updating_restaurant_location_ID` int(11) NOT NULL,
  `updating_restaurant_longitude` double NOT NULL,
  `updating_restaurant_latitude` double NOT NULL
) ENGINE=InnoDB DEFAULT CHARSET=utf8mb4 COLLATE=utf8mb4_general_ci;

--
-- 傾印資料表的資料 `updating_restaurant_location`
--

INSERT INTO `updating_restaurant_location` (`updating_restaurant_location_ID`, `updating_restaurant_longitude`, `updating_restaurant_latitude`) VALUES
(1, 121.552241966234, 25.03375536907992),
(2, 121.556580603208, 25.0483043389492),
(3, 121.566201765309, 25.0388540741077),
(4, 121.738975709488, 25.1457328554098),
(5, 121.568436007639, 25.041639021831),
(6, 121.531737309486, 25.0512345910159),
(7, 120.287655752448, 22.6218628671271),
(8, 121.553087042862, 25.0258794143403),
(9, 121.743087269005, 25.1285427524249),
(10, 121.608304228631, 25.0565732309452),
(11, 121.544969051878, 25.0339366399008),
(12, 121.530367811332, 25.0528283473614),
(13, 121.529705587763, 25.0390457368851),
(14, 121.566897345537, 25.0407187696727),
(15, 121.567358444206, 25.0378692168123),
(16, 121.576166592297, 24.9883928689237),
(17, 121.574072974361, 24.9881162089474),
(18, 121.566874938321, 25.0406793452485),
(19, 121.521109624826, 25.052504747842),
(20, 121.540861745888, 25.048023396627),
(21, 121.533509624375, 25.0535178315794);

-- --------------------------------------------------------

--
-- 資料表結構 `user`
--

CREATE TABLE `user` (
  `user_id` int(11) NOT NULL,
  `user_name` varchar(50) NOT NULL,
  `nickname` varchar(50) NOT NULL,
  `user_password` varchar(30) NOT NULL,
  `user_phone` varchar(30) NOT NULL,
  `user_email` varchar(80) NOT NULL,
  `user_img` varchar(100) DEFAULT NULL,
  `self_intr` varchar(500) NOT NULL,
  `create_date` datetime NOT NULL,
  `updatetime` datetime NOT NULL,
  `last_login_time` datetime NOT NULL,
  `isValid` int(1) NOT NULL DEFAULT 1
) ENGINE=InnoDB DEFAULT CHARSET=utf8 COLLATE=utf8_unicode_ci;

--
-- 傾印資料表的資料 `user`
--

INSERT INTO `user` (`user_id`, `user_name`, `nickname`, `user_password`, `user_phone`, `user_email`, `user_img`, `self_intr`, `create_date`, `updatetime`, `last_login_time`, `isValid`) VALUES
(1, '張丹喬', '食界Jordan', '1234', '0972324557', 'jordan@gmail.com', NULL, '大俠愛吃漢堡包，純正牛肉吃得飽，台北市民添口福，吃過就是乖寶寶。', '2023-07-23 10:26:43', '2023-07-23 10:26:43', '2023-07-23 10:26:43', 1),
(2, 'testman', 'test', 'test', '0911111111', 'test@gmail.com', NULL, '我只是測試用~', '2023-07-22 10:51:57', '2023-07-23 10:51:57', '2023-07-24 10:51:57', 1),
(3, '何筱雯', '雯雯', '1234', '0922664239', 'wenwen@gmail.com', NULL, '', '2023-07-23 10:58:05', '2023-07-23 10:58:05', '2023-07-23 10:58:05', 1),
(4, '羅佑興', 'YOyoyo', '1234', '0936148346', 'yoyo@gmail.com', NULL, '歡迎追蹤我~一起分享美食(^^♪', '2023-07-23 11:19:32', '2023-07-23 11:19:32', '2023-07-23 11:19:32', 1),
(5, '夏佩和', '?佩佩?', '1234', '0988164123', 'panpan@gmail.com', NULL, '', '2023-07-23 14:34:40', '2023-07-23 14:34:40', '2023-07-23 14:34:40', 1),
(6, '林建文', '賤賤a蚊蚊', '1234', '0958555292', 'a1234@yahoo.com', NULL, '友善，包容，尊重。', '2023-07-23 14:35:37', '2023-07-23 14:35:37', '2023-07-23 14:35:37', 1),
(7, '姚美玲', 'YaoMelLing', '1234', '0921511203', 'melling@gmail.com', '', 'IG:melling1203', '2023-07-23 14:35:37', '2023-07-23 14:35:37', '2023-07-23 14:35:37', 1),
(8, '黃慧玲', '☎ling~ling', '1234', '0963362192', 'lingling@gmail.com', NULL, '每天都要快樂的吃吃喝喝( ´∀｀ )う', '2023-07-23 14:49:11', '2023-07-23 14:49:11', '2023-07-23 14:49:11', 1),
(9, '郭偉誠', '吃飽才有力氣減肥?', '1234', '0939705444', 'foodeat88@msn.com', NULL, '分享美食，記錄當下，這94人生。', '2023-07-23 14:49:11', '2023-07-23 14:49:11', '2023-07-23 14:49:11', 1),
(10, '楊冠廷', '阿罵養大的', '1234', '0953232912', 'cash99@hotmail.com', '1690782244.jpg ', 'IG帳號@cash99\r\n?紀錄三餐或覺得好吃的食物\r\n?喜歡歡迎按讚追蹤收藏分享(*‘∀‘)～?\r\n', '2023-07-23 15:05:49', '2023-07-31 13:44:04', '2023-07-23 15:05:49', 1),
(11, '娜塔莎', '地方吃貨媽媽', '1234', '0932178861', 'natasha@gmail.com', NULL, '歡迎追蹤IG/FB\r\n-->natasha@gmail.com\r\n希望你也喜歡我的文章\r\n幫我按讚/追蹤/分享\r\n讓更多人知道更多美食', '2023-07-23 15:05:49', '2023-07-23 15:05:49', '2023-07-23 15:05:49', 1),
(12, '莫妮卡', 'Monica', '1234', '0930826564', 'monica0001@gmail.com', NULL, '', '2023-07-23 15:44:36', '2023-07-23 15:44:36', '2023-07-23 15:44:36', 1),
(13, '郭志文', 'Conner', '1234', '0913687576', 'conner1234@gmail.com', NULL, '', '2023-07-23 15:44:36', '2023-07-23 15:44:36', '2023-07-23 15:44:36', 1),
(14, '菲利普', 'PHILIP', '1234', '0968138883', 'philip@yahoo.com.tw', NULL, '', '2023-07-23 15:50:31', '2023-07-23 15:50:31', '2023-07-23 15:50:31', 1),
(15, '高柏成', '快瘋惹', '1234', '0938243285', '1234@gmail.com', NULL, '', '2023-07-23 15:50:31', '2023-07-23 15:50:31', '2023-07-23 15:50:31', 1),
(16, '李佩珊', '姍姍來遲', '1234', '0963158113', 'shasha@gmail.com', NULL, '', '2023-07-25 09:00:31', '2023-07-25 09:00:31', '2023-07-25 09:00:31', 1),
(17, '海倫', 'HELE', '1234', '0963342619', 'hele123@gmail.com', NULL, '', '2023-07-23 16:00:42', '2023-07-23 16:00:42', '2023-07-23 16:00:42', 1),
(18, '陳建宏', '建宏艾登', '1234', '0931057511', 'AIDEN@gmail.com', NULL, '艾爾登的DLC甚麼時候出????', '2023-07-23 16:05:24', '2023-07-23 16:05:24', '2023-07-23 16:05:24', 1),
(19, '羽柴秀吉', '?猴子?', '1234', '0917797227', 'hashibahideyoshi@yahoo.com.jp', NULL, '?吱吱~吱吱?吱吱吱吱~?吱吱~吱吱?', '2023-07-23 16:05:24', '2023-07-23 16:05:24', '2023-07-23 16:05:24', 1),
(20, '馬黑休', '小黑', '1234', '0934270783', 'india@gmail.com', NULL, '', '2023-07-23 16:17:23', '2023-07-23 16:17:23', '2023-07-23 16:17:23', 1),
(21, '李大廷', '大廷哥', '', '0954658347', 'korea@gmail.com', NULL, '', '2023-07-23 16:17:23', '2023-07-28 17:57:21', '2023-07-23 16:17:23', 1),
(22, '蘇映如', 'Julia', '1234', '0912345678', 'yingjumr@gmail.com', NULL, '', '2023-07-25 08:58:56', '2023-07-25 08:58:56', '2023-07-25 08:58:56', 1),
(35, '羅德忠', '我是VIP', '1234', '0922222222', 'vip888@gmail.com', NULL, '', '2023-07-26 14:21:00', '2023-07-26 14:21:00', '2023-07-26 14:21:00', 1),
(36, '焱光秀', '明智的選擇', '1234', '0933333333', 'vip666@gmail.com', NULL, '', '2023-07-26 14:31:26', '2023-07-26 14:31:26', '2023-07-26 14:31:26', 1),
(37, '羅文嘉', '少林方丈', '1234', '0933333333', 'seafood9527@hotmail.com', NULL, '', '2023-07-26 14:55:02', '2023-07-26 14:55:02', '2023-07-26 14:55:02', 1),
(38, '王杰克', 'Jake吃吃喝喝', '1234', '0956261952', 'jake123@gmail.com', '/images/user/1690358334.jpg', '最愛吃吃喝喝', '2023-07-26 15:58:54', '2023-07-26 15:58:54', '2023-07-26 15:58:54', 1),
(39, '王香蕉', '香蕉君', '1234', '0912943119', 'banana@gmail.com', '1690528397.png', '123', '2023-07-28 15:13:17', '2023-07-28 18:04:17', '2023-07-28 15:13:17', 1),
(41, '72', '722', '222', '172222', '7', '', '', '2023-07-30 16:14:19', '2023-07-30 16:14:19', '2023-07-30 16:14:19', 1),
(42, '3', '3', '3', '3', '3', '', '', '2023-07-30 16:16:03', '2023-07-30 16:16:03', '2023-07-30 16:16:03', 1),
(43, '4', '4', '4', '4', '4', '', '', '2023-07-30 16:16:47', '2023-07-30 16:16:47', '2023-07-30 16:16:47', 1),
(44, '1', '1', '1', '1', '1', NULL, '', '2023-10-07 11:10:01', '0000-00-00 00:00:00', '0000-00-00 00:00:00', 1),
(45, '12346', '123', '12345678', '0912345678', 'a123@gmail.com', NULL, '', '2023-10-07 11:10:30', '0000-00-00 00:00:00', '0000-00-00 00:00:00', 1),
(46, '123467', '123', '12345678', '0912345678', 'a123@gmail.com', NULL, '', '2023-10-07 11:28:05', '0000-00-00 00:00:00', '0000-00-00 00:00:00', 1),
(47, '黑人', '黑人問號哥', '12345678', '0912345679', 'a1234@gmail.com', NULL, '', '2023-10-07 11:55:29', '0000-00-00 00:00:00', '0000-00-00 00:00:00', 1),
(48, '測試黑人哥', '問號哥', '12345678', '0912345677', 'w123@gmail.com', NULL, '', '2023-10-07 12:00:33', '2023-10-07 12:00:33', '2023-10-07 12:00:33', 1);

-- --------------------------------------------------------

--
-- 資料表結構 `user_tag`
--

CREATE TABLE `user_tag` (
  `user_tag_id` int(11) NOT NULL,
  `user_id` int(10) NOT NULL,
  `food_tag_id` int(10) NOT NULL
) ENGINE=InnoDB DEFAULT CHARSET=utf8 COLLATE=utf8_unicode_ci;

--
-- 傾印資料表的資料 `user_tag`
--

INSERT INTO `user_tag` (`user_tag_id`, `user_id`, `food_tag_id`) VALUES
(3, 2, 2),
(4, 2, 24),
(5, 2, 19),
(6, 2, 30),
(7, 1, 23),
(8, 1, 26),
(26, 39, 6),
(27, 39, 22);

--
-- 已傾印資料表的索引
--

--
-- 資料表索引 `book`
--
ALTER TABLE `book`
  ADD PRIMARY KEY (`book_id`),
  ADD KEY `user_id` (`user_id`),
  ADD KEY `restaurant_id` (`restaurant_id`);

--
-- 資料表索引 `cart`
--
ALTER TABLE `cart`
  ADD PRIMARY KEY (`cart_id`),
  ADD KEY `user_id` (`user_id`);

--
-- 資料表索引 `cartproduct_detail`
--
ALTER TABLE `cartproduct_detail`
  ADD PRIMARY KEY (`cartproduct_id`),
  ADD KEY `cart_id` (`cart_id`);

--
-- 資料表索引 `collection`
--
ALTER TABLE `collection`
  ADD PRIMARY KEY (`collection_id`),
  ADD KEY `user_id` (`user_id`);

--
-- 資料表索引 `discount_rate`
--
ALTER TABLE `discount_rate`
  ADD PRIMARY KEY (`discount_rate_id`);

--
-- 資料表索引 `followers`
--
ALTER TABLE `followers`
  ADD PRIMARY KEY (`followers_ID`);

--
-- 資料表索引 `food_tag`
--
ALTER TABLE `food_tag`
  ADD PRIMARY KEY (`food_tag_id`);

--
-- 資料表索引 `likes`
--
ALTER TABLE `likes`
  ADD PRIMARY KEY (`likes_ID`),
  ADD KEY `user_ID` (`user_ID`,`post_ID`),
  ADD KEY `post_ID` (`post_ID`);

--
-- 資料表索引 `oder_detail`
--
ALTER TABLE `oder_detail`
  ADD PRIMARY KEY (`orderproduct_id`),
  ADD KEY `order_id` (`order_id`),
  ADD KEY `cartproduct_id` (`cartproduct_id`);

--
-- 資料表索引 `order_general`
--
ALTER TABLE `order_general`
  ADD PRIMARY KEY (`order_id`),
  ADD KEY `user_id` (`user_id`);

--
-- 資料表索引 `post`
--
ALTER TABLE `post`
  ADD PRIMARY KEY (`post_ID`),
  ADD KEY `price_range_ID` (`price_range_ID`),
  ADD KEY `flag_ID` (`flag_ID`),
  ADD KEY `user_ID` (`user_ID`),
  ADD KEY `updating_restaurant_ID` (`updating_restaurant_ID`);

--
-- 資料表索引 `postcomment`
--
ALTER TABLE `postcomment`
  ADD PRIMARY KEY (`postcomment_ID`),
  ADD KEY `flag_ID` (`flag_ID`,`user_ID`,`post_ID`),
  ADD KEY `post_ID` (`post_ID`),
  ADD KEY `user_ID` (`user_ID`);

--
-- 資料表索引 `postflag`
--
ALTER TABLE `postflag`
  ADD PRIMARY KEY (`flag_ID`);

--
-- 資料表索引 `postimage`
--
ALTER TABLE `postimage`
  ADD PRIMARY KEY (`postimage_ID`),
  ADD KEY `postimage_ibfk_1` (`postID`);

--
-- 資料表索引 `post_food_tag`
--
ALTER TABLE `post_food_tag`
  ADD PRIMARY KEY (`post_food_tag_ID`),
  ADD KEY `post_ID` (`post_ID`,`food_tag_id`),
  ADD KEY `food_tag_id` (`food_tag_id`);

--
-- 資料表索引 `price_range`
--
ALTER TABLE `price_range`
  ADD PRIMARY KEY (`price_range_ID`);

--
-- 資料表索引 `product`
--
ALTER TABLE `product`
  ADD PRIMARY KEY (`product_id`);

--
-- 資料表索引 `product_img`
--
ALTER TABLE `product_img`
  ADD PRIMARY KEY (`product_img_id`);

--
-- 資料表索引 `product_item`
--
ALTER TABLE `product_item`
  ADD PRIMARY KEY (`item_id`);

--
-- 資料表索引 `product_item_detail`
--
ALTER TABLE `product_item_detail`
  ADD PRIMARY KEY (`product_item_id`),
  ADD KEY `item_id` (`item_id`);

--
-- 資料表索引 `product_type`
--
ALTER TABLE `product_type`
  ADD PRIMARY KEY (`product_type_id`);

--
-- 資料表索引 `product_type_list`
--
ALTER TABLE `product_type_list`
  ADD PRIMARY KEY (`product_type_list_id`);

--
-- 資料表索引 `restaurant_dishes`
--
ALTER TABLE `restaurant_dishes`
  ADD PRIMARY KEY (`dishes_id`);

--
-- 資料表索引 `restaurant_tag`
--
ALTER TABLE `restaurant_tag`
  ADD PRIMARY KEY (`restaurant_tag_id`),
  ADD KEY `food_tag_id` (`food_tag_id`);

--
-- 資料表索引 `restaurant_user`
--
ALTER TABLE `restaurant_user`
  ADD PRIMARY KEY (`restaurant_id`);

--
-- 資料表索引 `sessions`
--
ALTER TABLE `sessions`
  ADD PRIMARY KEY (`session_id`);

--
-- 資料表索引 `updating_restaurant`
--
ALTER TABLE `updating_restaurant`
  ADD PRIMARY KEY (`updating_restaurant_ID`);

--
-- 資料表索引 `updating_restaurant_location`
--
ALTER TABLE `updating_restaurant_location`
  ADD PRIMARY KEY (`updating_restaurant_location_ID`);

--
-- 資料表索引 `user`
--
ALTER TABLE `user`
  ADD PRIMARY KEY (`user_id`);

--
-- 資料表索引 `user_tag`
--
ALTER TABLE `user_tag`
  ADD PRIMARY KEY (`user_tag_id`),
  ADD KEY `user_id` (`user_id`);

--
-- 在傾印的資料表使用自動遞增(AUTO_INCREMENT)
--

--
-- 使用資料表自動遞增(AUTO_INCREMENT) `book`
--
ALTER TABLE `book`
  MODIFY `book_id` int(11) NOT NULL AUTO_INCREMENT, AUTO_INCREMENT=87;

--
-- 使用資料表自動遞增(AUTO_INCREMENT) `cartproduct_detail`
--
ALTER TABLE `cartproduct_detail`
  MODIFY `cartproduct_id` int(11) NOT NULL AUTO_INCREMENT, AUTO_INCREMENT=83;

--
-- 使用資料表自動遞增(AUTO_INCREMENT) `followers`
--
ALTER TABLE `followers`
  MODIFY `followers_ID` int(11) NOT NULL AUTO_INCREMENT, AUTO_INCREMENT=3;

--
-- 使用資料表自動遞增(AUTO_INCREMENT) `food_tag`
--
ALTER TABLE `food_tag`
  MODIFY `food_tag_id` int(11) NOT NULL AUTO_INCREMENT, AUTO_INCREMENT=2323;

--
-- 使用資料表自動遞增(AUTO_INCREMENT) `likes`
--
ALTER TABLE `likes`
  MODIFY `likes_ID` int(11) NOT NULL AUTO_INCREMENT, AUTO_INCREMENT=33;

--
-- 使用資料表自動遞增(AUTO_INCREMENT) `oder_detail`
--
ALTER TABLE `oder_detail`
  MODIFY `orderproduct_id` int(11) NOT NULL AUTO_INCREMENT, AUTO_INCREMENT=35;

--
-- 使用資料表自動遞增(AUTO_INCREMENT) `post`
--
ALTER TABLE `post`
  MODIFY `post_ID` int(11) NOT NULL AUTO_INCREMENT, AUTO_INCREMENT=74;

--
-- 使用資料表自動遞增(AUTO_INCREMENT) `postcomment`
--
ALTER TABLE `postcomment`
  MODIFY `postcomment_ID` int(11) NOT NULL AUTO_INCREMENT;

--
-- 使用資料表自動遞增(AUTO_INCREMENT) `postimage`
--
ALTER TABLE `postimage`
  MODIFY `postimage_ID` int(11) NOT NULL AUTO_INCREMENT, AUTO_INCREMENT=15;

--
-- 使用資料表自動遞增(AUTO_INCREMENT) `post_food_tag`
--
ALTER TABLE `post_food_tag`
  MODIFY `post_food_tag_ID` int(11) NOT NULL AUTO_INCREMENT;

--
-- 使用資料表自動遞增(AUTO_INCREMENT) `price_range`
--
ALTER TABLE `price_range`
  MODIFY `price_range_ID` int(11) NOT NULL AUTO_INCREMENT, AUTO_INCREMENT=7;

--
-- 使用資料表自動遞增(AUTO_INCREMENT) `product`
--
ALTER TABLE `product`
  MODIFY `product_id` int(11) NOT NULL AUTO_INCREMENT, AUTO_INCREMENT=25;

--
-- 使用資料表自動遞增(AUTO_INCREMENT) `product_img`
--
ALTER TABLE `product_img`
  MODIFY `product_img_id` int(11) NOT NULL AUTO_INCREMENT, AUTO_INCREMENT=159;

--
-- 使用資料表自動遞增(AUTO_INCREMENT) `product_item`
--
ALTER TABLE `product_item`
  MODIFY `item_id` int(11) NOT NULL AUTO_INCREMENT, AUTO_INCREMENT=10;

--
-- 使用資料表自動遞增(AUTO_INCREMENT) `product_item_detail`
--
ALTER TABLE `product_item_detail`
  MODIFY `product_item_id` int(11) NOT NULL AUTO_INCREMENT;

--
-- 使用資料表自動遞增(AUTO_INCREMENT) `product_type`
--
ALTER TABLE `product_type`
  MODIFY `product_type_id` int(11) NOT NULL AUTO_INCREMENT, AUTO_INCREMENT=7;

--
-- 使用資料表自動遞增(AUTO_INCREMENT) `product_type_list`
--
ALTER TABLE `product_type_list`
  MODIFY `product_type_list_id` int(11) NOT NULL AUTO_INCREMENT, AUTO_INCREMENT=21;

--
-- 使用資料表自動遞增(AUTO_INCREMENT) `restaurant_dishes`
--
ALTER TABLE `restaurant_dishes`
  MODIFY `dishes_id` int(11) NOT NULL AUTO_INCREMENT, AUTO_INCREMENT=47;

--
-- 使用資料表自動遞增(AUTO_INCREMENT) `restaurant_tag`
--
ALTER TABLE `restaurant_tag`
  MODIFY `restaurant_tag_id` int(11) NOT NULL AUTO_INCREMENT;

--
-- 使用資料表自動遞增(AUTO_INCREMENT) `restaurant_user`
--
ALTER TABLE `restaurant_user`
  MODIFY `restaurant_id` int(11) NOT NULL AUTO_INCREMENT, AUTO_INCREMENT=22;

--
-- 使用資料表自動遞增(AUTO_INCREMENT) `updating_restaurant`
--
ALTER TABLE `updating_restaurant`
  MODIFY `updating_restaurant_ID` int(11) NOT NULL AUTO_INCREMENT, AUTO_INCREMENT=41;

--
-- 使用資料表自動遞增(AUTO_INCREMENT) `updating_restaurant_location`
--
ALTER TABLE `updating_restaurant_location`
  MODIFY `updating_restaurant_location_ID` int(11) NOT NULL AUTO_INCREMENT, AUTO_INCREMENT=22;

--
-- 使用資料表自動遞增(AUTO_INCREMENT) `user`
--
ALTER TABLE `user`
  MODIFY `user_id` int(11) NOT NULL AUTO_INCREMENT, AUTO_INCREMENT=49;

--
-- 使用資料表自動遞增(AUTO_INCREMENT) `user_tag`
--
ALTER TABLE `user_tag`
  MODIFY `user_tag_id` int(11) NOT NULL AUTO_INCREMENT, AUTO_INCREMENT=28;

--
-- 已傾印資料表的限制式
--

--
-- 資料表的限制式 `book`
--
ALTER TABLE `book`
  ADD CONSTRAINT `book_ibfk_1` FOREIGN KEY (`user_id`) REFERENCES `user` (`user_id`);

--
-- 資料表的限制式 `cart`
--
ALTER TABLE `cart`
  ADD CONSTRAINT `cart_ibfk_1` FOREIGN KEY (`user_id`) REFERENCES `user` (`user_id`);

--
-- 資料表的限制式 `cartproduct_detail`
--
ALTER TABLE `cartproduct_detail`
  ADD CONSTRAINT `cartproduct_detail_ibfk_1` FOREIGN KEY (`cart_id`) REFERENCES `cart` (`cart_id`);

--
-- 資料表的限制式 `collection`
--
ALTER TABLE `collection`
  ADD CONSTRAINT `collection_ibfk_1` FOREIGN KEY (`user_id`) REFERENCES `user` (`user_id`);

--
-- 資料表的限制式 `likes`
--
ALTER TABLE `likes`
  ADD CONSTRAINT `likes_ibfk_1` FOREIGN KEY (`post_ID`) REFERENCES `post` (`post_ID`),
  ADD CONSTRAINT `likes_ibfk_2` FOREIGN KEY (`user_ID`) REFERENCES `user` (`user_id`);

--
-- 資料表的限制式 `oder_detail`
--
ALTER TABLE `oder_detail`
  ADD CONSTRAINT `oder_detail_ibfk_1` FOREIGN KEY (`order_id`) REFERENCES `order_general` (`order_id`),
  ADD CONSTRAINT `oder_detail_ibfk_2` FOREIGN KEY (`cartproduct_id`) REFERENCES `cartproduct_detail` (`cartproduct_id`);

--
-- 資料表的限制式 `order_general`
--
ALTER TABLE `order_general`
  ADD CONSTRAINT `order_general_ibfk_1` FOREIGN KEY (`user_id`) REFERENCES `user` (`user_id`);

--
-- 資料表的限制式 `post`
--
ALTER TABLE `post`
  ADD CONSTRAINT `post_ibfk_1` FOREIGN KEY (`price_range_ID`) REFERENCES `price_range` (`price_range_ID`),
  ADD CONSTRAINT `post_ibfk_3` FOREIGN KEY (`flag_ID`) REFERENCES `postflag` (`flag_ID`),
  ADD CONSTRAINT `post_ibfk_4` FOREIGN KEY (`updating_restaurant_ID`) REFERENCES `updating_restaurant` (`updating_restaurant_ID`),
  ADD CONSTRAINT `post_ibfk_5` FOREIGN KEY (`user_ID`) REFERENCES `user` (`user_id`);

--
-- 資料表的限制式 `postcomment`
--
ALTER TABLE `postcomment`
  ADD CONSTRAINT `postcomment_ibfk_1` FOREIGN KEY (`post_ID`) REFERENCES `post` (`post_ID`),
  ADD CONSTRAINT `postcomment_ibfk_2` FOREIGN KEY (`flag_ID`) REFERENCES `postflag` (`flag_ID`),
  ADD CONSTRAINT `postcomment_ibfk_3` FOREIGN KEY (`user_ID`) REFERENCES `user` (`user_id`);

--
-- 資料表的限制式 `postimage`
--
ALTER TABLE `postimage`
  ADD CONSTRAINT `postimage_ibfk_1` FOREIGN KEY (`postID`) REFERENCES `post` (`post_ID`);

--
-- 資料表的限制式 `post_food_tag`
--
ALTER TABLE `post_food_tag`
  ADD CONSTRAINT `post_food_tag_ibfk_1` FOREIGN KEY (`post_ID`) REFERENCES `post` (`post_ID`);

--
-- 資料表的限制式 `user_tag`
--
ALTER TABLE `user_tag`
  ADD CONSTRAINT `user_tag_ibfk_1` FOREIGN KEY (`user_id`) REFERENCES `user` (`user_id`);
COMMIT;

/*!40101 SET CHARACTER_SET_CLIENT=@OLD_CHARACTER_SET_CLIENT */;
/*!40101 SET CHARACTER_SET_RESULTS=@OLD_CHARACTER_SET_RESULTS */;
/*!40101 SET COLLATION_CONNECTION=@OLD_COLLATION_CONNECTION */;
